{
  "items": [
    {
      "item_id": "item_001",
      "item_name": "JUMBO VEG Kebabs & Meal Family Combo (2-3 persons)",
      "item_category": "Main Course",
      "item_subcategory": "Combos",
      "price": 1995,
      "diet": "V",
      "is_available": true,
      "is_quickbite": false,
      "flavify_category": "Dogs"
    },
    {
      "item_id": "item_002",
      "item_name": "JUMBO NON VEG Kebabs & Meal Combo",
      "item_category": "Main Course",
      "item_subcategory": "Combos",
      "price": 2195,
      "diet": "N",
      "is_available": true,
      "is_quickbite": false,
      "flavify_category": "Puzzles"
    },
    {
      "item_id": "item_003",
      "item_name": "Mixed Kebab Platter Non Veg To Share",
      "item_category": "Platters",
      "item_subcategory": "Platters",
      "price": 1495,
      "diet": "N",
      "is_available": true,
      "is_quickbite": false,
      "flavify_category": "Stars"
    },
    {
      "item_id": "item_004",
      "item_name": "Mixed Veg Kebab Platter",
      "item_category": "Platters",
      "item_subcategory": "Platters",
      "price": 795,
      "diet": "V",
      "is_available": true,
      "is_quickbite": false,
      "flavify_category": "Puzzles"
    },
    {
      "item_id": "item_005",
      "item_name": "Chelow Kebab Platter",
      "item_category": "Main Course",
      "item_subcategory": "Turkish",
      "price": 595,
      "diet": "N",
      "is_available": true,
      "is_quickbite": false,
      "flavify_category": "Dogs"
    },
    {
      "item_id": "item_006",
      "item_name": "The Ryba Mezze Platter",
      "item_category": "Platters",
      "item_subcategory": "Platters",
      "price": 695,
      "diet": "V",
      "is_available": true,
      "is_quickbite": false,
      "flavify_category": "Dogs"
    },
    {
      "item_id": "item_007",
      "item_name": "RYBA Yellow Dal Tadka",
      "item_category": "Main Course",
      "item_subcategory": "Indian",
      "price": 315,
      "diet": "V",
      "is_available": true,
      "is_quickbite": false,
      "flavify_category": "Horses"
    },
    {
      "item_id": "item_008",
      "item_name": "Dal Makhani",
      "item_category": "Main Course",
      "item_subcategory": "Indian",
      "price": 355,
      "diet": "V",
      "is_available": true,
      "is_quickbite": false,
      "flavify_category": "Horses"
    },
    {
      "item_id": "item_009",
      "item_name": "Soya Chaap Masala",
      "item_category": "Main Course",
      "item_subcategory": "Indian",
      "price": 355,
      "diet": "V",
      "is_available": true,
      "is_quickbite": false,
      "flavify_category": "Stars"
    },
    {
      "item_id": "item_010",
      "item_name": "Paneer Butter Masala",
      "item_category": "Main Course",
      "item_subcategory": "Indian",
      "price": 395,
      "diet": "V",
      "is_available": true,
      "is_quickbite": false,
      "flavify_category": "Horses"
    },
    {
      "item_id": "item_011",
      "item_name": "Kadhai Paneer",
      "item_category": "Main Course",
      "item_subcategory": "Indian",
      "price": 395,
      "diet": "V",
      "is_available": true,
      "is_quickbite": false,
      "flavify_category": "Stars"
    },
    {
      "item_id": "item_012",
      "item_name": "Palak Paneer",
      "item_category": "Main Course",
      "item_subcategory": "Indian",
      "price": 395,
      "diet": "V",
      "is_available": true,
      "is_quickbite": false,
      "flavify_category": "Stars"
    },
    {
      "item_id": "item_013",
      "item_name": "Pennee Pasta",
      "item_category": "Main Course",
      "item_subcategory": "Continental",
      "price": 395,
      "diet": "V",
      "is_available": true,
      "is_quickbite": false,
      "flavify_category": "Puzzles"
    },
    {
      "item_id": "item_014",
      "item_name": "Sac Kavurma (Chicken)",
      "item_category": "Main Course",
      "item_subcategory": "Turkish",
      "price": 485,
      "diet": "N",
      "is_available": true,
      "is_quickbite": false,
      "flavify_category": "Dogs"
    },
    {
      "item_id": "item_015",
      "item_name": "Sac Kavurma (Lamb)",
      "item_category": "Main Course",
      "item_subcategory": "Turkish",
      "price": 595,
      "diet": "N",
      "is_available": true,
      "is_quickbite": false,
      "flavify_category": "Dogs"
    },
    {
      "item_id": "item_016",
      "item_name": "Ryba's Red Chicken Korma",
      "item_category": "Main Course",
      "item_subcategory": "Indian",
      "price": 485,
      "diet": "N",
      "is_available": true,
      "is_quickbite": false,
      "flavify_category": "Dogs"
    },
    {
      "item_id": "item_017",
      "item_name": "Ryba Red Mutton Curry",
      "item_category": "Main Course",
      "item_subcategory": "Indian",
      "price": 495,
      "diet": "N",
      "is_available": true,
      "is_quickbite": false,
      "flavify_category": "Puzzles"
    },
    {
      "item_id": "item_018",
      "item_name": "Peshawari Namkeen Ghost",
      "item_category": "Main Course",
      "item_subcategory": "Indian",
      "price": 495,
      "diet": "N",
      "is_available": true,
      "is_quickbite": false,
      "flavify_category": "Stars"
    },
    {
      "item_id": "item_019",
      "item_name": "Kuzu Guvec Turkish Curry (Chicken)",
      "item_category": "Main Course",
      "item_subcategory": "Turkish",
      "price": 485,
      "diet": "N",
      "is_available": true,
      "is_quickbite": false,
      "flavify_category": "Dogs"
    },
    {
      "item_id": "item_020",
      "item_name": "Kuzu Guvec Turkish Curry (Lamb)",
      "item_category": "Main Course",
      "item_subcategory": "Turkish",
      "price": 495,
      "diet": "N",
      "is_available": true,
      "is_quickbite": false,
      "flavify_category": "Horses"
    },
    {
      "item_id": "item_021",
      "item_name": "Afghani Malai Soya Chaap",
      "item_category": "Starters",
      "item_subcategory": "Indian Starters",
      "price": 375,
      "diet": "V",
      "is_available": true,
      "is_quickbite": false,
      "flavify_category": "Dogs"
    },
    {
      "item_id": "item_022",
      "item_name": "Beetroot Cheese Kebab",
      "item_category": "Starters",
      "item_subcategory": "Kebabs",
      "price": 375,
      "diet": "V",
      "is_available": true,
      "is_quickbite": false,
      "flavify_category": "Puzzles"
    },
    {
      "item_id": "item_023",
      "item_name": "Harra Bara Kebab",
      "item_category": "Starters",
      "item_subcategory": "Indian Starters",
      "price": 375,
      "diet": "V",
      "is_available": true,
      "is_quickbite": false,
      "flavify_category": "Horses"
    },
    {
      "item_id": "item_024",
      "item_name": "Arbi Ke Kebab",
      "item_category": "Starters",
      "item_subcategory": "Kebabs",
      "price": 375,
      "diet": "V",
      "is_available": true,
      "is_quickbite": false,
      "flavify_category": "Puzzles"
    },
    {
      "item_id": "item_025",
      "item_name": "Multani Paneer Tikka",
      "item_category": "Starters",
      "item_subcategory": "Indian Starters",
      "price": 395,
      "diet": "V",
      "is_available": true,
      "is_quickbite": false,
      "flavify_category": "Horses"
    },
    {
      "item_id": "item_026",
      "item_name": "Veg Anari Seekh",
      "item_category": "Starters",
      "item_subcategory": "Indian Starters",
      "price": 395,
      "diet": "V",
      "is_available": true,
      "is_quickbite": false,
      "flavify_category": "Dogs"
    },
    {
      "item_id": "item_027",
      "item_name": "Mushroom Badam Galouti Kebab",
      "item_category": "Starters",
      "item_subcategory": "Indian Starters",
      "price": 395,
      "diet": "V",
      "is_available": true,
      "is_quickbite": false,
      "flavify_category": "Puzzles"
    },
    {
      "item_id": "item_028",
      "item_name": "Crunchy Lebanese Aloo Chaat (Batata Hara)",
      "item_category": "Starters",
      "item_subcategory": "Turkish Starters",
      "price": 275,
      "diet": "V",
      "is_available": true,
      "is_quickbite": false,
      "flavify_category": "Horses"
    },
    {
      "item_id": "item_029",
      "item_name": "Muhamarra Bruschetta",
      "item_category": "Starters",
      "item_subcategory": "Turkish Starters",
      "price": 295,
      "diet": "V",
      "is_available": true,
      "is_quickbite": false,
      "flavify_category": "Horses"
    },
    {
      "item_id": "item_030",
      "item_name": "Turkish Spring Rolls (Cigar Borek)",
      "item_category": "Starters",
      "item_subcategory": "Turkish Starters",
      "price": 295,
      "diet": "V",
      "is_available": true,
      "is_quickbite": false,
      "flavify_category": "Horses"
    },
    {
      "item_id": "item_031",
      "item_name": "Soya Alinazik Veg Kebab",
      "item_category": "Starters",
      "item_subcategory": "Kebabs",
      "price": 325,
      "diet": "V",
      "is_available": true,
      "is_quickbite": false,
      "flavify_category": "Stars"
    },
    {
      "item_id": "item_032",
      "item_name": "Baked Turkish Dolmas",
      "item_category": "Starters",
      "item_subcategory": "Turkish Starters",
      "price": 325,
      "diet": "V",
      "is_available": true,
      "is_quickbite": false,
      "flavify_category": "Puzzles"
    },
    {
      "item_id": "item_033",
      "item_name": "Chicken Urfa Seekh Kebab",
      "item_category": "Starters",
      "item_subcategory": "Kebabs",
      "price": 495,
      "diet": "N",
      "is_available": true,
      "is_quickbite": false,
      "flavify_category": "Puzzles"
    },
    {
      "item_id": "item_034",
      "item_name": "Chicken Jujeh Kebab",
      "item_category": "Starters",
      "item_subcategory": "Kebabs",
      "price": 495,
      "diet": "N",
      "is_available": true,
      "is_quickbite": false,
      "flavify_category": "Puzzles"
    },
    {
      "item_id": "item_035",
      "item_name": "Chicken Shish Tawook",
      "item_category": "Starters",
      "item_subcategory": "Kebabs",
      "price": 495,
      "diet": "N",
      "is_available": true,
      "is_quickbite": false,
      "flavify_category": "Horses"
    },
    {
      "item_id": "item_036",
      "item_name": "RYBA's Chicken Shami Kebab",
      "item_category": "Starters",
      "item_subcategory": "Kebabs",
      "price": 595,
      "diet": "N",
      "is_available": true,
      "is_quickbite": false,
      "flavify_category": "Puzzles"
    },
    {
      "item_id": "item_037",
      "item_name": "Iskender Kebab",
      "item_category": "Starters",
      "item_subcategory": "Kebabs",
      "price": 495,
      "diet": "N",
      "is_available": true,
      "is_quickbite": false,
      "flavify_category": "Horses"
    },
    {
      "item_id": "item_038",
      "item_name": "Mutton Adana Seekh Kebab",
      "item_category": "Starters",
      "item_subcategory": "Kebabs",
      "price": 595,
      "diet": "N",
      "is_available": true,
      "is_quickbite": false,
      "flavify_category": "Puzzles"
    },
    {
      "item_id": "item_039",
      "item_name": "Turkish Mutton Chops (Kuzu Pirzola)",
      "item_category": "Starters",
      "item_subcategory": "Kebabs",
      "price": 645,
      "diet": "N",
      "is_available": true,
      "is_quickbite": false,
      "flavify_category": "Puzzles"
    },
    {
      "item_id": "item_040",
      "item_name": "RYBA's Mutton Shami Kebab",
      "item_category": "Starters",
      "item_subcategory": "Kebabs",
      "price": 595,
      "diet": "N",
      "is_available": true,
      "is_quickbite": false,
      "flavify_category": "Horses"
    },
    {
      "item_id": "item_041",
      "item_name": "Gozleme Veg (Turkish Stuffed Kulcha)",
      "item_category": "Starters",
      "item_subcategory": "Turkish Starters",
      "price": 245,
      "diet": "V",
      "is_available": true,
      "is_quickbite": false,
      "flavify_category": "Stars"
    },
    {
      "item_id": "item_042",
      "item_name": "Zaatar & Cheese Lebanese Flatbread (Manakeesh)",
      "item_category": "Starters",
      "item_subcategory": "Turkish Starters",
      "price": 295,
      "diet": "V",
      "is_available": true,
      "is_quickbite": false,
      "flavify_category": "Horses"
    },
    {
      "item_id": "item_043",
      "item_name": "Falafel Pita Roll",
      "item_category": "Starters",
      "item_subcategory": "Rolls/Shawarma",
      "price": 285,
      "diet": "V",
      "is_available": true,
      "is_quickbite": false,
      "flavify_category": "Puzzles"
    },
    {
      "item_id": "item_044",
      "item_name": "Falafel Combo Feast",
      "item_category": "Main Course",
      "item_subcategory": "Turkish",
      "price": 375,
      "diet": "V",
      "is_available": true,
      "is_quickbite": false,
      "flavify_category": "Puzzles"
    },
    {
      "item_id": "item_045",
      "item_name": "Paneer Shawarma",
      "item_category": "Starters",
      "item_subcategory": "Rolls/Shawarma",
      "price": 295,
      "diet": "V",
      "is_available": true,
      "is_quickbite": false,
      "flavify_category": "Horses"
    },
    {
      "item_id": "item_046",
      "item_name": "Veggie Burger",
      "item_category": "Starters",
      "item_subcategory": "Burger",
      "price": 275,
      "diet": "V",
      "is_available": true,
      "is_quickbite": false,
      "flavify_category": "Horses"
    },
    {
      "item_id": "item_047",
      "item_name": "Non-Veg Gozleme",
      "item_category": "Starters",
      "item_subcategory": "Turkish Starters",
      "price": 275,
      "diet": "N",
      "is_available": true,
      "is_quickbite": false,
      "flavify_category": "Puzzles"
    },
    {
      "item_id": "item_048",
      "item_name": "Non-Veg Shawarma",
      "item_category": "Starters",
      "item_subcategory": "Rolls/Shawarma",
      "price": 295,
      "diet": "N",
      "is_available": true,
      "is_quickbite": false,
      "flavify_category": "Horses"
    },
    {
      "item_id": "item_049",
      "item_name": "Shawarma Combo Feast",
      "item_category": "Main Course",
      "item_subcategory": "Turkish",
      "price": 415,
      "diet": "N",
      "is_available": true,
      "is_quickbite": false,
      "flavify_category": "Puzzles"
    },
    {
      "item_id": "item_050",
      "item_name": "Chicken Urfa Hamburger",
      "item_category": "Starters",
      "item_subcategory": "Burger",
      "price": 295,
      "diet": "N",
      "is_available": true,
      "is_quickbite": false,
      "flavify_category": "Puzzles"
    },
    {
      "item_id": "item_051",
      "item_name": "Mutton Adana Hamburger",
      "item_category": "Starters",
      "item_subcategory": "Burger",
      "price": 355,
      "diet": "N",
      "is_available": true,
      "is_quickbite": false,
      "flavify_category": "Horses"
    },
    {
      "item_id": "item_052",
      "item_name": "Classic Turkish Veg Pide Pizza",
      "item_category": "Starters",
      "item_subcategory": "Pides",
      "price": 315,
      "diet": "V",
      "is_available": true,
      "is_quickbite": false,
      "flavify_category": "Stars"
    },
    {
      "item_id": "item_053",
      "item_name": "Pide Mushroom & Feta Cheese",
      "item_category": "Starters",
      "item_subcategory": "Pides",
      "price": 315,
      "diet": "V",
      "is_available": true,
      "is_quickbite": false,
      "flavify_category": "Dogs"
    },
    {
      "item_id": "item_054",
      "item_name": "Lahmacun",
      "item_category": "Starters",
      "item_subcategory": "Pides",
      "price": 315,
      "diet": "N",
      "is_available": true,
      "is_quickbite": false,
      "flavify_category": "Horses"
    },
    {
      "item_id": "item_055",
      "item_name": "Non-Veg Pide",
      "item_category": "Starters",
      "item_subcategory": "Pides",
      "price": 395,
      "diet": "N",
      "is_available": true,
      "is_quickbite": false,
      "flavify_category": "Horses"
    },
    {
      "item_id": "item_056",
      "item_name": "Turkish Alinazik Kebab",
      "item_category": "Starters",
      "item_subcategory": "Kebabs",
      "price": 385,
      "diet": "N",
      "is_available": true,
      "is_quickbite": false,
      "flavify_category": "Puzzles"
    },
    {
      "item_id": "item_057",
      "item_name": "Turkish Beyti Kebab",
      "item_category": "Starters",
      "item_subcategory": "Kebabs",
      "price": 385,
      "diet": "N",
      "is_available": true,
      "is_quickbite": false,
      "flavify_category": "Horses"
    },
    {
      "item_id": "item_058",
      "item_name": "Dürüm Roll",
      "item_category": "Starters",
      "item_subcategory": "Rolls/Shawarma",
      "price": 315,
      "diet": "N",
      "is_available": true,
      "is_quickbite": false,
      "flavify_category": "Stars"
    },
    {
      "item_id": "item_059",
      "item_name": "Turkish Vegetable Soup",
      "item_category": "Soups & Salads",
      "item_subcategory": "Soups",
      "price": 295,
      "diet": "V",
      "is_available": true,
      "is_quickbite": false,
      "flavify_category": "Stars"
    },
    {
      "item_id": "item_060",
      "item_name": "Turkish Meatball Soup",
      "item_category": "Soups & Salads",
      "item_subcategory": "Soups",
      "price": 325,
      "diet": "N",
      "is_available": true,
      "is_quickbite": false,
      "flavify_category": "Stars"
    },
    {
      "item_id": "item_061",
      "item_name": "Lebanese Fateh Salad",
      "item_category": "Soups & Salads",
      "item_subcategory": "Salads",
      "price": 295,
      "diet": "V",
      "is_available": true,
      "is_quickbite": false,
      "flavify_category": "Horses"
    },
    {
      "item_id": "item_062",
      "item_name": "Hummus Salad Bowl with Shawarma Chicken",
      "item_category": "Soups & Salads",
      "item_subcategory": "Salads",
      "price": 325,
      "diet": "N",
      "is_available": true,
      "is_quickbite": false,
      "flavify_category": "Puzzles"
    },
    {
      "item_id": "item_063",
      "item_name": "Baklava",
      "item_category": "Desserts",
      "item_subcategory": "Desserts",
      "price": 385,
      "diet": "V",
      "is_available": true,
      "is_quickbite": false,
      "flavify_category": "Puzzles"
    },
    {
      "item_id": "item_064",
      "item_name": "Turkish Classic Revani",
      "item_category": "Desserts",
      "item_subcategory": "Desserts",
      "price": 385,
      "diet": "V",
      "is_available": true,
      "is_quickbite": false,
      "flavify_category": "Horses"
    },
    {
      "item_id": "item_065",
      "item_name": "Ice-cream",
      "item_category": "Desserts",
      "item_subcategory": "Desserts",
      "price": 285,
      "diet": "V",
      "is_available": true,
      "is_quickbite": false,
      "flavify_category": "Stars"
    },
    {
      "item_id": "item_066",
      "item_name": "Turkish Lavash (Flat Khamiri Roti)",
      "item_category": "Rice & Breads",
      "item_subcategory": "Breads",
      "price": 75,
      "diet": "V",
      "is_available": true,
      "is_quickbite": false,
      "flavify_category": "Horses"
    },
    {
      "item_id": "item_067",
      "item_name": "Plain Naan",
      "item_category": "Rice & Breads",
      "item_subcategory": "Breads",
      "price": 70,
      "diet": "V",
      "is_available": true,
      "is_quickbite": false,
      "flavify_category": "Horses"
    },
    {
      "item_id": "item_068",
      "item_name": "Butter Naan",
      "item_category": "Rice & Breads",
      "item_subcategory": "Breads",
      "price": 80,
      "diet": "V",
      "is_available": true,
      "is_quickbite": false,
      "flavify_category": "Stars"
    },
    {
      "item_id": "item_069",
      "item_name": "Garlic Naan",
      "item_category": "Rice & Breads",
      "item_subcategory": "Breads",
      "price": 90,
      "diet": "V",
      "is_available": true,
      "is_quickbite": false,
      "flavify_category": "Puzzles"
    },
    {
      "item_id": "item_070",
      "item_name": "Roti",
      "item_category": "Rice & Breads",
      "item_subcategory": "Breads",
      "price": 60,
      "diet": "V",
      "is_available": true,
      "is_quickbite": false,
      "flavify_category": "Dogs"
    },
    {
      "item_id": "item_071",
      "item_name": "Pita Bread (freshly baked)",
      "item_category": "Rice & Breads",
      "item_subcategory": "Rice",
      "price": 75,
      "diet": "V",
      "is_available": true,
      "is_quickbite": false,
      "flavify_category": "Dogs"
    },
    {
      "item_id": "item_072",
      "item_name": "Persian Plain Rice Saffron Flavour",
      "item_category": "Rice & Breads",
      "item_subcategory": "Rice",
      "price": 245,
      "diet": "V",
      "is_available": true,
      "is_quickbite": false,
      "flavify_category": "Dogs"
    },
    {
      "item_id": "item_073",
      "item_name": "Vegetable Biryani ",
      "item_category": "Rice & Breads",
      "item_subcategory": "Rice",
      "price": 395,
      "diet": "N",
      "is_available": true,
      "is_quickbite": false,
      "flavify_category": "Horses"
    },
    {
      "item_id": "item_074",
      "item_name": "Turkish Kebab Biryani ",
      "item_category": "Rice & Breads",
      "item_subcategory": "Rice",
      "price": 525,
      "diet": "N",
      "is_available": true,
      "is_quickbite": false,
      "flavify_category": "Horses"
    },
    {
      "item_id": "item_075",
      "item_name": "Hummus Dip with Pita Bread  (200 grams)",
      "item_category": "Sides",
      "item_subcategory": "Dips",
      "price": 275,
      "diet": "V",
      "is_available": true,
      "is_quickbite": true,
      "flavify_category": "Puzzles"
    },
    {
      "item_id": "item_076",
      "item_name": "Muhamara Dip with Pita Bread (200 grams)",
      "item_category": "Sides",
      "item_subcategory": "Dips",
      "price": 275,
      "diet": "V",
      "is_available": true,
      "is_quickbite": true,
      "flavify_category": "Puzzles"
    },
    {
      "item_id": "item_077",
      "item_name": "Hydari Dip with Pita Bread (200 grams)",
      "item_category": "Sides",
      "item_subcategory": "Dips",
      "price": 245,
      "diet": "V",
      "is_available": true,
      "is_quickbite": true,
      "flavify_category": "Horses"
    },
    {
      "item_id": "item_078",
      "item_name": "Babaganoush Dip with Pita Bread (200 grams)",
      "item_category": "Sides",
      "item_subcategory": "Dips",
      "price": 245,
      "diet": "V",
      "is_available": true,
      "is_quickbite": true,
      "flavify_category": "Dogs"
    },
    {
      "item_id": "item_079",
      "item_name": "Potato Fries with Peri Peri (100 grams)",
      "item_category": "Sides",
      "item_subcategory": "Sides",
      "price": 245,
      "diet": "V",
      "is_available": true,
      "is_quickbite": true,
      "flavify_category": "Dogs"
    },
    {
      "item_id": "item_080",
      "item_name": "Turkish Loaded Fries",
      "item_category": "Sides",
      "item_subcategory": "Sides",
      "price": 275,
      "diet": "V",
      "is_available": true,
      "is_quickbite": true,
      "flavify_category": "Puzzles"
    },
    {
      "item_id": "item_081",
      "item_name": "English Breakfast Tea",
      "item_category": "Beverages",
      "item_subcategory": "Hot Beverages",
      "price": 249,
      "diet": "V",
      "is_available": true,
      "is_quickbite": false,
      "flavify_category": "Horses"
    },
    {
      "item_id": "item_082",
      "item_name": "Lemon Tea",
      "item_category": "Beverages",
      "item_subcategory": "Hot Beverages",
      "price": 249,
      "diet": "V",
      "is_available": true,
      "is_quickbite": false,
      "flavify_category": "Dogs"
    },
    {
      "item_id": "item_083",
      "item_name": "Ginger Honey Tea",
      "item_category": "Beverages",
      "item_subcategory": "Hot Beverages",
      "price": 249,
      "diet": "V",
      "is_available": true,
      "is_quickbite": false,
      "flavify_category": "Dogs"
    },
    {
      "item_id": "item_084",
      "item_name": "Berry Tea",
      "item_category": "Beverages",
      "item_subcategory": "Hot Beverages",
      "price": 249,
      "diet": "V",
      "is_available": true,
      "is_quickbite": false,
      "flavify_category": "Dogs"
    },
    {
      "item_id": "item_085",
      "item_name": "Camomile Tea",
      "item_category": "Beverages",
      "item_subcategory": "Hot Beverages",
      "price": 249,
      "diet": "V",
      "is_available": true,
      "is_quickbite": false,
      "flavify_category": "Horses"
    },
    {
      "item_id": "item_086",
      "item_name": "Jasmine Tea",
      "item_category": "Beverages",
      "item_subcategory": "Hot Beverages",
      "price": 249,
      "diet": "V",
      "is_available": true,
      "is_quickbite": false,
      "flavify_category": "Dogs"
    },
    {
      "item_id": "item_087",
      "item_name": "Cappuccino",
      "item_category": "Beverages",
      "item_subcategory": "Hot Beverages",
      "price": 219,
      "diet": "V",
      "is_available": true,
      "is_quickbite": false,
      "flavify_category": "Stars"
    },
    {
      "item_id": "item_088",
      "item_name": "Mocha",
      "item_category": "Beverages",
      "item_subcategory": "Hot Beverages",
      "price": 229,
      "diet": "V",
      "is_available": true,
      "is_quickbite": false,
      "flavify_category": "Dogs"
    },
    {
      "item_id": "item_089",
      "item_name": "Hot Chocolate",
      "item_category": "Beverages",
      "item_subcategory": "Hot Beverages",
      "price": 249,
      "diet": "V",
      "is_available": true,
      "is_quickbite": false,
      "flavify_category": "Dogs"
    },
    {
      "item_id": "item_090",
      "item_name": "Ristretto",
      "item_category": "Beverages",
      "item_subcategory": "Hot Beverages",
      "price": 149,
      "diet": "V",
      "is_available": true,
      "is_quickbite": false,
      "flavify_category": "Dogs"
    },
    {
      "item_id": "item_091",
      "item_name": "Doppio",
      "item_category": "Beverages",
      "item_subcategory": "Hot Beverages",
      "price": 169,
      "diet": "V",
      "is_available": true,
      "is_quickbite": false,
      "flavify_category": "Horses"
    },
    {
      "item_id": "item_092",
      "item_name": "Macchiato",
      "item_category": "Beverages",
      "item_subcategory": "Hot Beverages",
      "price": 209,
      "diet": "V",
      "is_available": true,
      "is_quickbite": false,
      "flavify_category": "Dogs"
    },
    {
      "item_id": "item_093",
      "item_name": "Americano",
      "item_category": "Beverages",
      "item_subcategory": "Hot Beverages",
      "price": 199,
      "diet": "V",
      "is_available": true,
      "is_quickbite": false,
      "flavify_category": "Puzzles"
    },
    {
      "item_id": "item_094",
      "item_name": "Vienna",
      "item_category": "Beverages",
      "item_subcategory": "Hot Beverages",
      "price": 209,
      "diet": "V",
      "is_available": true,
      "is_quickbite": false,
      "flavify_category": "Horses"
    },
    {
      "item_id": "item_095",
      "item_name": "Latte",
      "item_category": "Beverages",
      "item_subcategory": "Hot Beverages",
      "price": 219,
      "diet": "V",
      "is_available": true,
      "is_quickbite": false,
      "flavify_category": "Puzzles"
    },
    {
      "item_id": "item_096",
      "item_name": "Espresso",
      "item_category": "Beverages",
      "item_subcategory": "Cold Beverages",
      "price": 149,
      "diet": "V",
      "is_available": true,
      "is_quickbite": false,
      "flavify_category": "Stars"
    },
    {
      "item_id": "item_097",
      "item_name": "Spicy Guava Merry",
      "item_category": "Beverages",
      "item_subcategory": "Cold Beverages",
      "price": 329,
      "diet": "V",
      "is_available": true,
      "is_quickbite": false,
      "flavify_category": "Dogs"
    },
    {
      "item_id": "item_098",
      "item_name": "Lichi Punch",
      "item_category": "Beverages",
      "item_subcategory": "Cold Beverages",
      "price": 329,
      "diet": "V",
      "is_available": true,
      "is_quickbite": false,
      "flavify_category": "Puzzles"
    },
    {
      "item_id": "item_099",
      "item_name": "Kafir Passion Fizz",
      "item_category": "Beverages",
      "item_subcategory": "Cold Beverages",
      "price": 339,
      "diet": "V",
      "is_available": true,
      "is_quickbite": false,
      "flavify_category": "Horses"
    },
    {
      "item_id": "item_100",
      "item_name": "Blueberry Basil Spritzer",
      "item_category": "Beverages",
      "item_subcategory": "Cold Beverages",
      "price": 329,
      "diet": "V",
      "is_available": true,
      "is_quickbite": false,
      "flavify_category": "Dogs"
    },
    {
      "item_id": "item_101",
      "item_name": "Watermelon Thirst",
      "item_category": "Beverages",
      "item_subcategory": "Cold Beverages",
      "price": 329,
      "diet": "V",
      "is_available": true,
      "is_quickbite": false,
      "flavify_category": "Horses"
    },
    {
      "item_id": "item_102",
      "item_name": "Mojito",
      "item_category": "Beverages",
      "item_subcategory": "Cold Beverages",
      "price": 319,
      "diet": "V",
      "is_available": true,
      "is_quickbite": false,
      "flavify_category": "Stars"
    },
    {
      "item_id": "item_103",
      "item_name": "Iced Tea",
      "item_category": "Beverages",
      "item_subcategory": "Cold Beverages",
      "price": 319,
      "diet": "V",
      "is_available": true,
      "is_quickbite": false,
      "flavify_category": "Puzzles"
    },
    {
      "item_id": "item_104",
      "item_name": "Frappuccino",
      "item_category": "Beverages",
      "item_subcategory": "Cold Beverages",
      "price": 309,
      "diet": "V",
      "is_available": true,
      "is_quickbite": false,
      "flavify_category": "Horses"
    },
    {
      "item_id": "item_105",
      "item_name": "Chessy Oreo",
      "item_category": "Beverages",
      "item_subcategory": "Cold Beverages",
      "price": 319,
      "diet": "V",
      "is_available": true,
      "is_quickbite": false,
      "flavify_category": "Dogs"
    },
    {
      "item_id": "item_106",
      "item_name": "Blueberry Blush",
      "item_category": "Beverages",
      "item_subcategory": "Cold Beverages",
      "price": 319,
      "diet": "V",
      "is_available": true,
      "is_quickbite": false,
      "flavify_category": "Dogs"
    },
    {
      "item_id": "item_107",
      "item_name": "Choco Strawberry",
      "item_category": "Beverages",
      "item_subcategory": "Cold Beverages",
      "price": 319,
      "diet": "V",
      "is_available": true,
      "is_quickbite": false,
      "flavify_category": "Horses"
    },
    {
      "item_id": "item_108",
      "item_name": "Mr. Butterscotch",
      "item_category": "Beverages",
      "item_subcategory": "Cold Beverages",
      "price": 319,
      "diet": "V",
      "is_available": true,
      "is_quickbite": false,
      "flavify_category": "Puzzles"
    },
    {
      "item_id": "item_109",
      "item_name": "Yummy Kiwi",
      "item_category": "Beverages",
      "item_subcategory": "Cold Beverages",
      "price": 319,
      "diet": "V",
      "is_available": true,
      "is_quickbite": false,
      "flavify_category": "Stars"
    },
    {
      "item_id": "item_110",
      "item_name": "Red Mystery",
      "item_category": "Beverages",
      "item_subcategory": "Cold Beverages",
      "price": 319,
      "diet": "V",
      "is_available": true,
      "is_quickbite": false,
      "flavify_category": "Stars"
    },
    {
      "item_id": "item_111",
      "item_name": "Coke",
      "item_category": "Beverages",
      "item_subcategory": "Cold Beverages",
      "price": 70,
      "diet": "V",
      "is_available": true,
      "is_quickbite": false,
      "flavify_category": "Stars"
    },
    {
      "item_id": "item_112",
      "item_name": "Diet Coke",
      "item_category": "Beverages",
      "item_subcategory": "Cold Beverages",
      "price": 70,
      "diet": "V",
      "is_available": true,
      "is_quickbite": false,
      "flavify_category": "Dogs"
    },
    {
      "item_id": "item_113",
      "item_name": "Sprite",
      "item_category": "Beverages",
      "item_subcategory": "Cold Beverages",
      "price": 70,
      "diet": "V",
      "is_available": true,
      "is_quickbite": false,
      "flavify_category": "Stars"
    },
    {
      "item_id": "item_114",
      "item_name": "Bira White",
      "item_category": "Beverages",
      "item_subcategory": "Alcoholic",
      "price": 375,
      "diet": "V",
      "is_available": true,
      "is_quickbite": false,
      "flavify_category": "Puzzles"
    },
    {
      "item_id": "item_115",
      "item_name": "Bira Blonde",
      "item_category": "Beverages",
      "item_subcategory": "Alcoholic",
      "price": 385,
      "diet": "V",
      "is_available": true,
      "is_quickbite": false,
      "flavify_category": "Dogs"
    },
    {
      "item_id": "item_116",
      "item_name": "Budweiser",
      "item_category": "Beverages",
      "item_subcategory": "Alcoholic",
      "price": 355,
      "diet": "V",
      "is_available": true,
      "is_quickbite": false,
      "flavify_category": "Horses"
    },
    {
      "item_id": "item_117",
      "item_name": "Hoegaarden",
      "item_category": "Beverages",
      "item_subcategory": "Alcoholic",
      "price": 425,
      "diet": "V",
      "is_available": true,
      "is_quickbite": false,
      "flavify_category": "Puzzles"
    },
    {
      "item_id": "item_118",
      "item_name": "Corona",
      "item_category": "Beverages",
      "item_subcategory": "Alcoholic",
      "price": 425,
      "diet": "V",
      "is_available": true,
      "is_quickbite": false,
      "flavify_category": "Stars"
    },
    {
      "item_id": "item_119",
      "item_name": "Kingfisher Ultra",
      "item_category": "Beverages",
      "item_subcategory": "Alcoholic",
      "price": 355,
      "diet": "V",
      "is_available": true,
      "is_quickbite": false,
      "flavify_category": "Puzzles"
    },
    {
      "item_id": "item_120",
      "item_name": "AG47 Chardonnay",
      "item_category": "Beverages",
      "item_subcategory": "Alcoholic",
      "price": 625,
      "diet": "V",
      "is_available": true,
      "is_quickbite": false,
      "flavify_category": "Dogs"
    },
    {
      "item_id": "item_121",
      "item_name": "Jacobs Creek Chardonnay",
      "item_category": "Beverages",
      "item_subcategory": "Alcoholic",
      "price": 650,
      "diet": "V",
      "is_available": true,
      "is_quickbite": false,
      "flavify_category": "Puzzles"
    },
    {
      "item_id": "item_122",
      "item_name": "Woodbridge Sauv Blanc (Bottle)",
      "item_category": "Beverages",
      "item_subcategory": "Alcoholic",
      "price": 4000,
      "diet": "V",
      "is_available": true,
      "is_quickbite": false,
      "flavify_category": "Dogs"
    },
    {
      "item_id": "item_123",
      "item_name": "AG47 Shiraz",
      "item_category": "Beverages",
      "item_subcategory": "Alcoholic",
      "price": 625,
      "diet": "V",
      "is_available": true,
      "is_quickbite": false,
      "flavify_category": "Horses"
    },
    {
      "item_id": "item_124",
      "item_name": "Jacobs Creek Shiraz",
      "item_category": "Beverages",
      "item_subcategory": "Alcoholic",
      "price": 650,
      "diet": "V",
      "is_available": true,
      "is_quickbite": false,
      "flavify_category": "Dogs"
    },
    {
      "item_id": "item_125",
      "item_name": "Woodbridge Merlot (Bottle)",
      "item_category": "Beverages",
      "item_subcategory": "Alcoholic",
      "price": 4999,
      "diet": "V",
      "is_available": true,
      "is_quickbite": false,
      "flavify_category": "Stars"
    },
    {
      "item_id": "item_126",
      "item_name": "Chandon Brut (Bottle)",
      "item_category": "Beverages",
      "item_subcategory": "Alcoholic",
      "price": 9000,
      "diet": "V",
      "is_available": true,
      "is_quickbite": false,
      "flavify_category": "Dogs"
    },
    {
      "item_id": "item_127",
      "item_name": "Sula Brut (Bottle)",
      "item_category": "Beverages",
      "item_subcategory": "Alcoholic",
      "price": 4000,
      "diet": "V",
      "is_available": true,
      "is_quickbite": false,
      "flavify_category": "Stars"
    },
    {
      "item_id": "item_128",
      "item_name": "Nui",
      "item_category": "Beverages",
      "item_subcategory": "Alcoholic",
      "price": 700,
      "diet": "V",
      "is_available": true,
      "is_quickbite": false,
      "flavify_category": "Puzzles"
    },
    {
      "item_id": "item_129",
      "item_name": "Mimosa",
      "item_category": "Beverages",
      "item_subcategory": "Alcoholic",
      "price": 650,
      "diet": "V",
      "is_available": true,
      "is_quickbite": false,
      "flavify_category": "Puzzles"
    },
    {
      "item_id": "item_130",
      "item_name": "Bellini",
      "item_category": "Beverages",
      "item_subcategory": "Alcoholic",
      "price": 650,
      "diet": "V",
      "is_available": true,
      "is_quickbite": false,
      "flavify_category": "Dogs"
    },
    {
      "item_id": "item_131",
      "item_name": "Sangria",
      "item_category": "Beverages",
      "item_subcategory": "Alcoholic",
      "price": 700,
      "diet": "V",
      "is_available": true,
      "is_quickbite": false,
      "flavify_category": "Horses"
    },
    {
      "item_id": "item_132",
      "item_name": "Aperol Spritz",
      "item_category": "Beverages",
      "item_subcategory": "Alcoholic",
      "price": 750,
      "diet": "V",
      "is_available": true,
      "is_quickbite": false,
      "flavify_category": "Horses"
    },
    {
      "item_id": "item_133",
      "item_name": "Americano",
      "item_category": "Beverages",
      "item_subcategory": "Alcoholic",
      "price": 700,
      "diet": "V",
      "is_available": true,
      "is_quickbite": false,
      "flavify_category": "Puzzles"
    },
    {
      "item_id": "item_134",
      "item_name": "Garibaldi",
      "item_category": "Beverages",
      "item_subcategory": "Alcoholic",
      "price": 600,
      "diet": "V",
      "is_available": true,
      "is_quickbite": false,
      "flavify_category": "Dogs"
    },
    {
      "item_id": "item_135",
      "item_name": "Jager Bomb",
      "item_category": "Beverages",
      "item_subcategory": "Alcoholic",
      "price": 750,
      "diet": "V",
      "is_available": true,
      "is_quickbite": false,
      "flavify_category": "Horses"
    },
    {
      "item_id": "item_136",
      "item_name": "Summer Rise",
      "item_category": "Beverages",
      "item_subcategory": "Alcoholic",
      "price": 650,
      "diet": "V",
      "is_available": true,
      "is_quickbite": false,
      "flavify_category": "Dogs"
    },
    {
      "item_id": "item_137",
      "item_name": "Drunken Slush",
      "item_category": "Beverages",
      "item_subcategory": "Alcoholic",
      "price": 700,
      "diet": "V",
      "is_available": true,
      "is_quickbite": false,
      "flavify_category": "Puzzles"
    },
    {
      "item_id": "item_138",
      "item_name": "Red Martini",
      "item_category": "Beverages",
      "item_subcategory": "Alcoholic",
      "price": 700,
      "diet": "V",
      "is_available": true,
      "is_quickbite": false,
      "flavify_category": "Horses"
    },
    {
      "item_id": "item_139",
      "item_name": "Kafir Passion Twist",
      "item_category": "Beverages",
      "item_subcategory": "Alcoholic",
      "price": 650,
      "diet": "V",
      "is_available": true,
      "is_quickbite": false,
      "flavify_category": "Horses"
    },
    {
      "item_id": "item_140",
      "item_name": "Dirty cappuccino",
      "item_category": "Beverages",
      "item_subcategory": "Alcoholic",
      "price": 700,
      "diet": "V",
      "is_available": true,
      "is_quickbite": false,
      "flavify_category": "Horses"
    },
    {
      "item_id": "item_141",
      "item_name": "Winter Season",
      "item_category": "Beverages",
      "item_subcategory": "Alcoholic",
      "price": 700,
      "diet": "V",
      "is_available": true,
      "is_quickbite": false,
      "flavify_category": "Stars"
    },
    {
      "item_id": "item_142",
      "item_name": "Slippery Mudslide",
      "item_category": "Beverages",
      "item_subcategory": "Alcoholic",
      "price": 700,
      "diet": "V",
      "is_available": true,
      "is_quickbite": false,
      "flavify_category": "Stars"
    },
    {
      "item_id": "item_143",
      "item_name": "Bailey's Frappuccino",
      "item_category": "Beverages",
      "item_subcategory": "Alcoholic",
      "price": 700,
      "diet": "V",
      "is_available": true,
      "is_quickbite": false,
      "flavify_category": "Stars"
    },
    {
      "item_id": "item_144",
      "item_name": "Turkish Balloon Bread",
      "item_category": "Rice & Breads",
      "item_subcategory": "Breads",
      "price": 90,
      "diet": "V",
      "is_available": true,
      "is_quickbite": false,
      "flavify_category": "Dogs"
    },
    {
      "item_id": "item_145",
      "item_name": "JUMBO ASSORTED VEG & NON-VEG Kebabs & Meal Family Combo (4-5 Persons)",
      "item_category": "Main Course",
      "item_subcategory": "Combos",
      "price": 3455,
      "diet": "V",
      "is_available": true,
      "is_quickbite": false,
      "flavify_category": "Puzzles"
    }
  ]
}