{
  "items": [
    {
      "item_id": "item_063",
      "item_name": "Baklava",
      "item_category": "Desserts",
      "item_subcategory": "Desserts",
      "price": 385,
      "diet": "V",
      "is_available": true,
      "is_quickbite": false,
      "flavify_category": "Puzzles"
    },
    {
      "item_id": "item_064",
      "item_name": "Turkish Classic Revani",
      "item_category": "Desserts",
      "item_subcategory": "Desserts",
      "price": 385,
      "diet": "V",
      "is_available": true,
      "is_quickbite": false,
      "flavify_category": "Horses"
    },
    {
      "item_id": "item_065",
      "item_name": "Ice-cream",
      "item_category": "Desserts",
      "item_subcategory": "Desserts",
      "price": 285,
      "diet": "V",
      "is_available": true,
      "is_quickbite": false,
      "flavify_category": "Stars"
    },

    {
      "item_id": "item_081",
      "item_name": "English Breakfast Tea",
      "item_category": "Beverages",
      "item_subcategory": "Hot Beverages",
      "price": 249,
      "diet": "V",
      "is_available": true,
      "is_quickbite": false,
      "flavify_category": "Horses"
    },
    {
      "item_id": "item_082",
      "item_name": "Lemon Tea",
      "item_category": "Beverages",
      "item_subcategory": "Hot Beverages",
      "price": 249,
      "diet": "V",
      "is_available": true,
      "is_quickbite": false,
      "flavify_category": "Dogs"
    },
    {
      "item_id": "item_083",
      "item_name": "Ginger Honey Tea",
      "item_category": "Beverages",
      "item_subcategory": "Hot Beverages",
      "price": 249,
      "diet": "V",
      "is_available": true,
      "is_quickbite": false,
      "flavify_category": "Dogs"
    },
    {
      "item_id": "item_084",
      "item_name": "Berry Tea",
      "item_category": "Beverages",
      "item_subcategory": "Hot Beverages",
      "price": 249,
      "diet": "V",
      "is_available": true,
      "is_quickbite": false,
      "flavify_category": "Dogs"
    },
    {
      "item_id": "item_085",
      "item_name": "Camomile Tea",
      "item_category": "Beverages",
      "item_subcategory": "Hot Beverages",
      "price": 249,
      "diet": "V",
      "is_available": true,
      "is_quickbite": false,
      "flavify_category": "Horses"
    },
    {
      "item_id": "item_086",
      "item_name": "Jasmine Tea",
      "item_category": "Beverages",
      "item_subcategory": "Hot Beverages",
      "price": 249,
      "diet": "V",
      "is_available": true,
      "is_quickbite": false,
      "flavify_category": "Dogs"
    },
    {
      "item_id": "item_087",
      "item_name": "Cappuccino",
      "item_category": "Beverages",
      "item_subcategory": "Hot Beverages",
      "price": 219,
      "diet": "V",
      "is_available": true,
      "is_quickbite": false,
      "flavify_category": "Stars"
    },
    {
      "item_id": "item_088",
      "item_name": "Mocha",
      "item_category": "Beverages",
      "item_subcategory": "Hot Beverages",
      "price": 229,
      "diet": "V",
      "is_available": true,
      "is_quickbite": false,
      "flavify_category": "Dogs"
    },
    {
      "item_id": "item_089",
      "item_name": "Hot Chocolate",
      "item_category": "Beverages",
      "item_subcategory": "Hot Beverages",
      "price": 249,
      "diet": "V",
      "is_available": true,
      "is_quickbite": false,
      "flavify_category": "Dogs"
    },
    {
      "item_id": "item_090",
      "item_name": "Ristretto",
      "item_category": "Beverages",
      "item_subcategory": "Hot Beverages",
      "price": 149,
      "diet": "V",
      "is_available": true,
      "is_quickbite": false,
      "flavify_category": "Dogs"
    },
    {
      "item_id": "item_091",
      "item_name": "Doppio",
      "item_category": "Beverages",
      "item_subcategory": "Hot Beverages",
      "price": 169,
      "diet": "V",
      "is_available": true,
      "is_quickbite": false,
      "flavify_category": "Horses"
    },
    {
      "item_id": "item_092",
      "item_name": "Macchiato",
      "item_category": "Beverages",
      "item_subcategory": "Hot Beverages",
      "price": 209,
      "diet": "V",
      "is_available": true,
      "is_quickbite": false,
      "flavify_category": "Dogs"
    },
    {
      "item_id": "item_093",
      "item_name": "Americano",
      "item_category": "Beverages",
      "item_subcategory": "Hot Beverages",
      "price": 199,
      "diet": "V",
      "is_available": true,
      "is_quickbite": false,
      "flavify_category": "Puzzles"
    },
    {
      "item_id": "item_094",
      "item_name": "Vienna",
      "item_category": "Beverages",
      "item_subcategory": "Hot Beverages",
      "price": 209,
      "diet": "V",
      "is_available": true,
      "is_quickbite": false,
      "flavify_category": "Horses"
    },
    {
      "item_id": "item_095",
      "item_name": "Latte",
      "item_category": "Beverages",
      "item_subcategory": "Hot Beverages",
      "price": 219,
      "diet": "V",
      "is_available": true,
      "is_quickbite": false,
      "flavify_category": "Puzzles"
    },
    {
      "item_id": "item_096",
      "item_name": "Espresso",
      "item_category": "Beverages",
      "item_subcategory": "Cold Beverages",
      "price": 149,
      "diet": "V",
      "is_available": true,
      "is_quickbite": false,
      "flavify_category": "Stars"
    },
    {
      "item_id": "item_097",
      "item_name": "Spicy Guava Merry",
      "item_category": "Beverages",
      "item_subcategory": "Cold Beverages",
      "price": 329,
      "diet": "V",
      "is_available": true,
      "is_quickbite": false,
      "flavify_category": "Dogs"
    },
    {
      "item_id": "item_098",
      "item_name": "Lichi Punch",
      "item_category": "Beverages",
      "item_subcategory": "Cold Beverages",
      "price": 329,
      "diet": "V",
      "is_available": true,
      "is_quickbite": false,
      "flavify_category": "Puzzles"
    },
    {
      "item_id": "item_099",
      "item_name": "Kafir Passion Fizz",
      "item_category": "Beverages",
      "item_subcategory": "Cold Beverages",
      "price": 339,
      "diet": "V",
      "is_available": true,
      "is_quickbite": false,
      "flavify_category": "Horses"
    },
    {
      "item_id": "item_100",
      "item_name": "Blueberry Basil Spritzer",
      "item_category": "Beverages",
      "item_subcategory": "Cold Beverages",
      "price": 329,
      "diet": "V",
      "is_available": true,
      "is_quickbite": false,
      "flavify_category": "Dogs"
    },
    {
      "item_id": "item_101",
      "item_name": "Watermelon Thirst",
      "item_category": "Beverages",
      "item_subcategory": "Cold Beverages",
      "price": 329,
      "diet": "V",
      "is_available": true,
      "is_quickbite": false,
      "flavify_category": "Horses"
    },
    {
      "item_id": "item_102",
      "item_name": "Mojito",
      "item_category": "Beverages",
      "item_subcategory": "Cold Beverages",
      "price": 319,
      "diet": "V",
      "is_available": true,
      "is_quickbite": false,
      "flavify_category": "Stars"
    },
    {
      "item_id": "item_103",
      "item_name": "Iced Tea",
      "item_category": "Beverages",
      "item_subcategory": "Cold Beverages",
      "price": 319,
      "diet": "V",
      "is_available": true,
      "is_quickbite": false,
      "flavify_category": "Puzzles"
    },
    {
      "item_id": "item_104",
      "item_name": "Frappuccino",
      "item_category": "Beverages",
      "item_subcategory": "Cold Beverages",
      "price": 309,
      "diet": "V",
      "is_available": true,
      "is_quickbite": false,
      "flavify_category": "Horses"
    },
    {
      "item_id": "item_105",
      "item_name": "Chessy Oreo",
      "item_category": "Beverages",
      "item_subcategory": "Cold Beverages",
      "price": 319,
      "diet": "V",
      "is_available": true,
      "is_quickbite": false,
      "flavify_category": "Dogs"
    },
    {
      "item_id": "item_106",
      "item_name": "Blueberry Blush",
      "item_category": "Beverages",
      "item_subcategory": "Cold Beverages",
      "price": 319,
      "diet": "V",
      "is_available": true,
      "is_quickbite": false,
      "flavify_category": "Dogs"
    },
    {
      "item_id": "item_107",
      "item_name": "Choco Strawberry",
      "item_category": "Beverages",
      "item_subcategory": "Cold Beverages",
      "price": 319,
      "diet": "V",
      "is_available": true,
      "is_quickbite": false,
      "flavify_category": "Horses"
    },
    {
      "item_id": "item_108",
      "item_name": "Mr. Butterscotch",
      "item_category": "Beverages",
      "item_subcategory": "Cold Beverages",
      "price": 319,
      "diet": "V",
      "is_available": true,
      "is_quickbite": false,
      "flavify_category": "Puzzles"
    },
    {
      "item_id": "item_109",
      "item_name": "Yummy Kiwi",
      "item_category": "Beverages",
      "item_subcategory": "Cold Beverages",
      "price": 319,
      "diet": "V",
      "is_available": true,
      "is_quickbite": false,
      "flavify_category": "Stars"
    },
    {
      "item_id": "item_110",
      "item_name": "Red Mystery",
      "item_category": "Beverages",
      "item_subcategory": "Cold Beverages",
      "price": 319,
      "diet": "V",
      "is_available": true,
      "is_quickbite": false,
      "flavify_category": "Stars"
    },
    {
      "item_id": "item_111",
      "item_name": "Coke",
      "item_category": "Beverages",
      "item_subcategory": "Cold Beverages",
      "price": 70,
      "diet": "V",
      "is_available": true,
      "is_quickbite": false,
      "flavify_category": "Stars"
    },
    {
      "item_id": "item_112",
      "item_name": "Diet Coke",
      "item_category": "Beverages",
      "item_subcategory": "Cold Beverages",
      "price": 70,
      "diet": "V",
      "is_available": true,
      "is_quickbite": false,
      "flavify_category": "Dogs"
    },
    {
      "item_id": "item_113",
      "item_name": "Sprite",
      "item_category": "Beverages",
      "item_subcategory": "Cold Beverages",
      "price": 70,
      "diet": "V",
      "is_available": true,
      "is_quickbite": false,
      "flavify_category": "Stars"
    },
    {
      "item_id": "item_114",
      "item_name": "Bira White",
      "item_category": "Beverages",
      "item_subcategory": "Alcoholic",
      "price": 375,
      "diet": "V",
      "is_available": true,
      "is_quickbite": false,
      "flavify_category": "Puzzles"
    },
    {
      "item_id": "item_115",
      "item_name": "Bira Blonde",
      "item_category": "Beverages",
      "item_subcategory": "Alcoholic",
      "price": 385,
      "diet": "V",
      "is_available": true,
      "is_quickbite": false,
      "flavify_category": "Dogs"
    },
    {
      "item_id": "item_116",
      "item_name": "Budweiser",
      "item_category": "Beverages",
      "item_subcategory": "Alcoholic",
      "price": 355,
      "diet": "V",
      "is_available": true,
      "is_quickbite": false,
      "flavify_category": "Horses"
    },
    {
      "item_id": "item_117",
      "item_name": "Hoegaarden",
      "item_category": "Beverages",
      "item_subcategory": "Alcoholic",
      "price": 425,
      "diet": "V",
      "is_available": true,
      "is_quickbite": false,
      "flavify_category": "Puzzles"
    },
    {
      "item_id": "item_118",
      "item_name": "Corona",
      "item_category": "Beverages",
      "item_subcategory": "Alcoholic",
      "price": 425,
      "diet": "V",
      "is_available": true,
      "is_quickbite": false,
      "flavify_category": "Stars"
    },
    {
      "item_id": "item_119",
      "item_name": "Kingfisher Ultra",
      "item_category": "Beverages",
      "item_subcategory": "Alcoholic",
      "price": 355,
      "diet": "V",
      "is_available": true,
      "is_quickbite": false,
      "flavify_category": "Puzzles"
    },
    {
      "item_id": "item_120",
      "item_name": "AG47 Chardonnay",
      "item_category": "Beverages",
      "item_subcategory": "Alcoholic",
      "price": 625,
      "diet": "V",
      "is_available": true,
      "is_quickbite": false,
      "flavify_category": "Dogs"
    },
    {
      "item_id": "item_121",
      "item_name": "Jacobs Creek Chardonnay",
      "item_category": "Beverages",
      "item_subcategory": "Alcoholic",
      "price": 650,
      "diet": "V",
      "is_available": true,
      "is_quickbite": false,
      "flavify_category": "Puzzles"
    },
    {
      "item_id": "item_122",
      "item_name": "Woodbridge Sauv Blanc (Bottle)",
      "item_category": "Beverages",
      "item_subcategory": "Alcoholic",
      "price": 4000,
      "diet": "V",
      "is_available": true,
      "is_quickbite": false,
      "flavify_category": "Dogs"
    },
    {
      "item_id": "item_123",
      "item_name": "AG47 Shiraz",
      "item_category": "Beverages",
      "item_subcategory": "Alcoholic",
      "price": 625,
      "diet": "V",
      "is_available": true,
      "is_quickbite": false,
      "flavify_category": "Horses"
    },
    {
      "item_id": "item_124",
      "item_name": "Jacobs Creek Shiraz",
      "item_category": "Beverages",
      "item_subcategory": "Alcoholic",
      "price": 650,
      "diet": "V",
      "is_available": true,
      "is_quickbite": false,
      "flavify_category": "Dogs"
    },
    {
      "item_id": "item_125",
      "item_name": "Woodbridge Merlot (Bottle)",
      "item_category": "Beverages",
      "item_subcategory": "Alcoholic",
      "price": 4999,
      "diet": "V",
      "is_available": true,
      "is_quickbite": false,
      "flavify_category": "Stars"
    },
    {
      "item_id": "item_126",
      "item_name": "Chandon Brut (Bottle)",
      "item_category": "Beverages",
      "item_subcategory": "Alcoholic",
      "price": 9000,
      "diet": "V",
      "is_available": true,
      "is_quickbite": false,
      "flavify_category": "Dogs"
    },
    {
      "item_id": "item_127",
      "item_name": "Sula Brut (Bottle)",
      "item_category": "Beverages",
      "item_subcategory": "Alcoholic",
      "price": 4000,
      "diet": "V",
      "is_available": true,
      "is_quickbite": false,
      "flavify_category": "Stars"
    },
    {
      "item_id": "item_128",
      "item_name": "Nui",
      "item_category": "Beverages",
      "item_subcategory": "Alcoholic",
      "price": 700,
      "diet": "V",
      "is_available": true,
      "is_quickbite": false,
      "flavify_category": "Puzzles"
    },
    {
      "item_id": "item_129",
      "item_name": "Mimosa",
      "item_category": "Beverages",
      "item_subcategory": "Alcoholic",
      "price": 650,
      "diet": "V",
      "is_available": true,
      "is_quickbite": false,
      "flavify_category": "Puzzles"
    },
    {
      "item_id": "item_130",
      "item_name": "Bellini",
      "item_category": "Beverages",
      "item_subcategory": "Alcoholic",
      "price": 650,
      "diet": "V",
      "is_available": true,
      "is_quickbite": false,
      "flavify_category": "Dogs"
    },
    {
      "item_id": "item_131",
      "item_name": "Sangria",
      "item_category": "Beverages",
      "item_subcategory": "Alcoholic",
      "price": 700,
      "diet": "V",
      "is_available": true,
      "is_quickbite": false,
      "flavify_category": "Horses"
    },
    {
      "item_id": "item_132",
      "item_name": "Aperol Spritz",
      "item_category": "Beverages",
      "item_subcategory": "Alcoholic",
      "price": 750,
      "diet": "V",
      "is_available": true,
      "is_quickbite": false,
      "flavify_category": "Horses"
    },
    {
      "item_id": "item_133",
      "item_name": "Americano",
      "item_category": "Beverages",
      "item_subcategory": "Alcoholic",
      "price": 700,
      "diet": "V",
      "is_available": true,
      "is_quickbite": false,
      "flavify_category": "Puzzles"
    },
    {
      "item_id": "item_134",
      "item_name": "Garibaldi",
      "item_category": "Beverages",
      "item_subcategory": "Alcoholic",
      "price": 600,
      "diet": "V",
      "is_available": true,
      "is_quickbite": false,
      "flavify_category": "Dogs"
    },
    {
      "item_id": "item_135",
      "item_name": "Jager Bomb",
      "item_category": "Beverages",
      "item_subcategory": "Alcoholic",
      "price": 750,
      "diet": "V",
      "is_available": true,
      "is_quickbite": false,
      "flavify_category": "Horses"
    },
    {
      "item_id": "item_136",
      "item_name": "Summer Rise",
      "item_category": "Beverages",
      "item_subcategory": "Alcoholic",
      "price": 650,
      "diet": "V",
      "is_available": true,
      "is_quickbite": false,
      "flavify_category": "Dogs"
    },
    {
      "item_id": "item_137",
      "item_name": "Drunken Slush",
      "item_category": "Beverages",
      "item_subcategory": "Alcoholic",
      "price": 700,
      "diet": "V",
      "is_available": true,
      "is_quickbite": false,
      "flavify_category": "Puzzles"
    },
    {
      "item_id": "item_138",
      "item_name": "Red Martini",
      "item_category": "Beverages",
      "item_subcategory": "Alcoholic",
      "price": 700,
      "diet": "V",
      "is_available": true,
      "is_quickbite": false,
      "flavify_category": "Horses"
    },
    {
      "item_id": "item_139",
      "item_name": "Kafir Passion Twist",
      "item_category": "Beverages",
      "item_subcategory": "Alcoholic",
      "price": 650,
      "diet": "V",
      "is_available": true,
      "is_quickbite": false,
      "flavify_category": "Horses"
    },
    {
      "item_id": "item_140",
      "item_name": "Dirty cappuccino",
      "item_category": "Beverages",
      "item_subcategory": "Alcoholic",
      "price": 700,
      "diet": "V",
      "is_available": true,
      "is_quickbite": false,
      "flavify_category": "Horses"
    },
    {
      "item_id": "item_141",
      "item_name": "Winter Season",
      "item_category": "Beverages",
      "item_subcategory": "Alcoholic",
      "price": 700,
      "diet": "V",
      "is_available": true,
      "is_quickbite": false,
      "flavify_category": "Stars"
    },
    {
      "item_id": "item_142",
      "item_name": "Slippery Mudslide",
      "item_category": "Beverages",
      "item_subcategory": "Alcoholic",
      "price": 700,
      "diet": "V",
      "is_available": true,
      "is_quickbite": false,
      "flavify_category": "Stars"
    },
    {
      "item_id": "item_143",
      "item_name": "Bailey's Frappuccino",
      "item_category": "Beverages",
      "item_subcategory": "Alcoholic",
      "price": 700,
      "diet": "V",
      "is_available": true,
      "is_quickbite": false,
      "flavify_category": "Stars"
    }
  ]
}